{
"nodes":[
  {
    "id": "Abstract Class",
    "group": 20
  },
  {
    "id": "Abstract Factory",
    "group": 45
  },
  {
    "id": "Activity Diagram",
    "group": 12
  },
  {
    "id": "Afferent Coupling",
    "group": 40
  },
  {
    "id": "Agile Development",
    "group": 1
  },
  {
    "id": "Algorithm Complexity",
    "group": 2
  },
  {
    "id": "Anonymous Inner Class",
    "group": 20
  },
  {
    "id": "Ant",
    "group": 3
  },
  {
    "id": "Ant Tasks",
    "group": 3
  },
  {
    "id": "AOP",
    "group": 4
  },
  {
    "id": "Appletviewer",
    "group": 11
  },
  {
    "id": "Architecture Patterns",
    "group": 5
  },
  {
    "id": "Array",
    "group": 6
  },
  {
    "id": "Aspect Oriented Programming",
    "group": 7
  },
  {
    "id": "Atomic Integer",
    "group": 8
  },
  {
    "id": "Atomic Long",
    "group": 8
  },
  {
    "id": "Atomic Types",
    "group": 8
  },
  {
    "id": "Autoboxing",
    "group": 9
  },
  {
    "id": "B+ Tree",
    "group": 10
  },
  {
    "id": "Basic JDK Tools",
    "group": 11
  },
  {
    "id": "Behavior Diagram",
    "group": 12
  },
  {
    "id": "Best Practices",
    "group": 13
  },
  {
    "id": "Binary Search",
    "group": 14
  },
  {
    "id": "Binary Search Tree",
    "group": 14
  },
  {
    "id": "Binding Compiler",
    "group": 15
  },
  {
    "id": "B-Tree",
    "group": 14
  },
  {
    "id": "Build and Deployment",
    "group": 16
  },
  {
    "id": "Build File",
    "group": 3
  },
  {
    "id": "Build Phases",
    "group": 17
  },
  {
    "id": "Build Tools",
    "group": 16
  },
  {
    "id": "Builder",
    "group": 45
  },
  {
    "id": "Bytecode",
    "group": 18
  },
  {
    "id": "C Header Generator",
    "group": 19
  },
  {
    "id": "C3PO",
    "group": 28
  },
  {
    "id": "Class",
    "group": 20
  },
  {
    "id": "Class File",
    "group": 21
  },
  {
    "id": "Classpath",
    "group": 22
  },
  {
    "id": "Cloud Computing",
    "group": 23
  },
  {
    "id": "Code Comments",
    "group": 24
  },
  {
    "id": "Coding Conventions",
    "group": 13
  },
  {
    "id": "Cohesion",
    "group": 44
  },
  {
    "id": "Comments",
    "group": 25
  },
  {
    "id": "Compile",
    "group": 17
  },
  {
    "id": "Compiler",
    "group": 26
  },
  {
    "id": "Concurrency",
    "group": 27
  },
  {
    "id": "Connection Pool",
    "group": 28
  },
  {
    "id": "Constant",
    "group": 2
  },
  {
    "id": "Constructor",
    "group": 20
  },
  {
    "id": "Container",
    "group": 29
  },
  {
    "id": "Contention",
    "group": 30
  },
  {
    "id": "Continuous Integration",
    "group": 16
  },
  {
    "id": "CORBA",
    "group": 31
  },
  {
    "id": "Daemon",
    "group": 32
  },
  {
    "id": "Data Access",
    "group": 33
  },
  {
    "id": "Data Structures",
    "group": 34
  },
  {
    "id": "Database",
    "group": 35
  },
  {
    "id": "Database Connection",
    "group": 36
  },
  {
    "id": "Database Index",
    "group": 10
  },
  {
    "id": "DBCP",
    "group": 28
  },
  {
    "id": "Debugger",
    "group": 37
  },
  {
    "id": "Decorator",
    "group": 45
  },
  {
    "id": "Dependency Injection",
    "group": 38
  },
  {
    "id": "Dependency Management",
    "group": 39
  },
  {
    "id": "Dependency Metrics",
    "group": 40
  },
  {
    "id": "Deployment Descriptor",
    "group": 41
  },
  {
    "id": "Deprecation",
    "group": 42
  },
  {
    "id": "Deserialization",
    "group": 43
  },
  {
    "id": "Design By Contract",
    "group": 44
  },
  {
    "id": "Design Guidelines",
    "group": 44
  },
  {
    "id": "Design Pattern",
    "group": 45
  },
  {
    "id": "Design Principles",
    "group": 46
  },
  {
    "id": "Disassembler",
    "group": 47
  },
  {
    "id": "Document",
    "group": 17
  },
  {
    "id": "Documentation",
    "group": 48
  },
  {
    "id": "Dynamic Collection",
    "group": 6
  },
  {
    "id": "Ear",
    "group": 41
  },
  {
    "id": "Efferent Coupling",
    "group": 40
  },
  {
    "id": "EJB Container",
    "group": 29
  },
  {
    "id": "Enum",
    "group": 20
  },
  {
    "id": "ESB",
    "group": 5
  },
  {
    "id": "Exponential",
    "group": 2
  },
  {
    "id": "Extreme Programming",
    "group": 1
  },
  {
    "id": "Factory Method",
    "group": 45
  },
  {
    "id": "Fields",
    "group": 20
  },
  {
    "id": "Graph",
    "group": 34
  },
  {
    "id": "IaaS",
    "group": 23
  },
  {
    "id": "Idlj",
    "group": 31
  },
  {
    "id": "Inner Class",
    "group": 20
  },
  {
    "id": "Instability",
    "group": 40
  },
  {
    "id": "Interaction Diagram",
    "group": 12
  },
  {
    "id": "J2EE Server",
    "group": 29
  },
  {
    "id": "Javac",
    "group": 11
  },
  {
    "id": "Javadoc",
    "group": 11
  },
  {
    "id": "Javah",
    "group": 11
  },
  {
    "id": "Javap",
    "group": 11
  },
  {
    "id": "Javaws",
    "group": 11
  },
  {
    "id": "Jdb",
    "group": 11
  },
  {
    "id": "JDBC",
    "group": 33
  },
  {
    "id": "JVM",
    "group": 18
  },
  {
    "id": "JVM Languages",
    "group": 18
  },
  {
    "id": "Libraries",
    "group": 34
  },
  {
    "id": "Linear",
    "group": 2
  },
  {
    "id": "Logarithmic",
    "group": 2
  },
  {
    "id": "Loose Coupling",
    "group": 44
  },
  {
    "id": "Maven",
    "group": 16
  },
  {
    "id": "Memory Consistency Errors",
    "group": 30
  },
  {
    "id": "Messaging",
    "group": 5
  },
  {
    "id": "Methods",
    "group": 20
  },
  {
    "id": "Modifier",
    "group": 42
  },
  {
    "id": "MultiDimensional Array",
    "group": 6
  },
  {
    "id": "Multidimensional Collection",
    "group": 34
  },
  {
    "id": "MVC",
    "group": 5
  },
  {
    "id": "N Log N",
    "group": 2
  },
  {
    "id": "Nightly Builds",
    "group": 16
  },
  {
    "id": "Normalization",
    "group": 44
  },
  {
    "id": "orbd",
    "group": 31
  },
  {
    "id": "Ordered Collection",
    "group": 34
  },
  {
    "id": "ORM",
    "group": 33
  },
  {
    "id": "PaaS",
    "group": 23
  },
  {
    "id": "Package Cohesion Principle",
    "group": 46
  },
  {
    "id": "Package Coupling Principle",
    "group": 46
  },
  {
    "id": "Parameters",
    "group": 42
  },
  {
    "id": "Pay Per Use",
    "group": 23
  },
  {
    "id": "Pipes and Filter",
    "group": 5
  },
  {
    "id": "Polynomial",
    "group": 2
  },
  {
    "id": "Primitive Types",
    "group": 9
  },
  {
    "id": "Proxy",
    "group": 45
  },
  {
    "id": "Pub Sub",
    "group": 5
  },
  {
    "id": "Quadratic",
    "group": 2
  },
  {
    "id": "Quota",
    "group": 23
  },
  {
    "id": "Race Condition",
    "group": 27
  },
  {
    "id": "Refactoring",
    "group": 44
  },
  {
    "id": "RMI Daemon",
    "group": 32
  },
  {
    "id": "SaaS",
    "group": 23
  },
  {
    "id": "Sar",
    "group": 41
  },
  {
    "id": "Scrum",
    "group": 1
  },
  {
    "id": "Self Balancing Binary Search Tree",
    "group": 14
  },
  {
    "id": "SerialVersionUID",
    "group": 43
  },
  {
    "id": "servertool",
    "group": 31
  },
  {
    "id": "Servlet Container",
    "group": 29
  },
  {
    "id": "Simplicity",
    "group": 44
  },
  {
    "id": "Single Dimensional Array",
    "group": 6
  },
  {
    "id": "Singleton",
    "group": 45
  },
  {
    "id": "SOA",
    "group": 5
  },
  {
    "id": "SOLID Principle",
    "group": 46
  },
  {
    "id": "Spring Framework",
    "group": 4
  },
  {
    "id": "SQL",
    "group": 33
  },
  {
    "id": "Starvation",
    "group": 30
  },
  {
    "id": "Statemachine Diagram",
    "group": 12
  },
  {
    "id": "Static Collection",
    "group": 6
  },
  {
    "id": "Test Driven Development",
    "group": 13
  },
  {
    "id": "Unordered Collection",
    "group": 34
  },
  {
    "id": "Use Case Diagram",
    "group": 12
  },
  {
    "id": "War",
    "group": 41
  },
  {
    "id": "Web Container",
    "group": 29
  },
  {
    "id": "Web Server",
    "group": 29
  },
  {
    "id": "Xjc",
    "group": 15
  }
],

"links" : [
  {
    "source": "Agile Development",
    "target": "Scrum",
    "value": 1,
    "relation": "subconcept of",
    "id": "Agile DevelopmentScrum"
  },
  {
    "source": "Agile Development",
    "target": "Extreme Programming",
    "value": 1,
    "relation": "subconcept of",
    "id": "Agile DevelopmentExtreme Programming"
  },
  {
    "source": "Algorithm Complexity",
    "target": "Quadratic",
    "value": 1,
    "relation": "subconcept of",
    "id": "Algorithm ComplexityQuadratic"
  },
  {
    "source": "Algorithm Complexity",
    "target": "Constant",
    "value": 1,
    "relation": "subconcept of",
    "id": "Algorithm ComplexityConstant"
  },
  {
    "source": "Algorithm Complexity",
    "target": "Logarithmic",
    "value": 1,
    "relation": "subconcept of",
    "id": "Algorithm ComplexityLogarithmic"
  },
  {
    "source": "Algorithm Complexity",
    "target": "Linear",
    "value": 1,
    "relation": "subconcept of",
    "id": "Algorithm ComplexityLinear"
  },
  {
    "source": "Algorithm Complexity",
    "target": "Polynomial",
    "value": 1,
    "relation": "subconcept of",
    "id": "Algorithm ComplexityPolynomial"
  },
  {
    "source": "Algorithm Complexity",
    "target": "Exponential",
    "value": 1,
    "relation": "subconcept of",
    "id": "Algorithm ComplexityExponential"
  },
  {
    "source": "Algorithm Complexity",
    "target": "N Log N",
    "value": 1,
    "relation": "subconcept of",
    "id": "Algorithm ComplexityN Log N"
  },
  {
    "source": "Ant",
    "target": "Ant Tasks",
    "value": 1,
    "relation": "related",
    "id": "AntAnt Tasks"
  },
  {
    "source": "Ant",
    "target": "Build File",
    "value": 1,
    "relation": "related",
    "id": "AntBuild File"
  },
  {
    "source": "AOP",
    "target": "Spring Framework",
    "value": 1,
    "relation": "related",
    "id": "AOPSpring Framework"
  },
  {
    "source": "Architecture Patterns",
    "target": "Messaging",
    "value": 1,
    "relation": "exampleOf",
    "id": "Architecture PatternsMessaging"
  },
  {
    "source": "Architecture Patterns",
    "target": "ESB",
    "value": 1,
    "relation": "exampleOf",
    "id": "Architecture PatternsESB"
  },
  {
    "source": "Architecture Patterns",
    "target": "Pub Sub",
    "value": 1,
    "relation": "exampleOf",
    "id": "Architecture PatternsPub Sub"
  },
  {
    "source": "Architecture Patterns",
    "target": "SOA",
    "value": 1,
    "relation": "exampleOf",
    "id": "Architecture PatternsSOA"
  },
  {
    "source": "Architecture Patterns",
    "target": "Pipes and Filter",
    "value": 1,
    "relation": "exampleOf",
    "id": "Architecture PatternsPipes and Filter"
  },
  {
    "source": "Architecture Patterns",
    "target": "MVC",
    "value": 1,
    "relation": "exampleOf",
    "id": "Architecture PatternsMVC"
  },
  {
    "source": "Array",
    "target": "Single Dimensional Array",
    "value": 1,
    "relation": "subconcept of",
    "id": "ArraySingle Dimensional Array"
  },
  {
    "source": "Array",
    "target": "MultiDimensional Array",
    "value": 1,
    "relation": "subconcept of",
    "id": "ArrayMultiDimensional Array"
  },
  {
    "source": "Array",
    "target": "Dynamic Collection",
    "value": 1,
    "relation": "related",
    "id": "ArrayDynamic Collection"
  },
  {
    "source": "Array",
    "target": "Static Collection",
    "value": 1,
    "relation": "related",
    "id": "ArrayStatic Collection"
  },
  {
    "source": "Aspect Oriented Programming",
    "target": "Spring Framework",
    "value": 1,
    "relation": "related",
    "id": "Aspect Oriented ProgrammingSpring Framework"
  },
  {
    "source": "Atomic Types",
    "target": "Atomic Long",
    "value": 1,
    "relation": "subconcept of",
    "id": "Atomic TypesAtomic Long"
  },
  {
    "source": "Atomic Types",
    "target": "Atomic Integer",
    "value": 1,
    "relation": "subconcept of",
    "id": "Atomic TypesAtomic Integer"
  },
  {
    "source": "Autoboxing",
    "target": "Primitive Types",
    "value": 1,
    "relation": "related",
    "id": "AutoboxingPrimitive Types"
  },
  {
    "source": "B+ Tree",
    "target": "Database Index",
    "value": 1,
    "relation": "related",
    "id": "B+ TreeDatabase Index"
  },
  {
    "source": "Basic JDK Tools",
    "target": "Javadoc",
    "value": 1,
    "relation": "exampleOf",
    "id": "Basic JDK ToolsJavadoc"
  },
  {
    "source": "Basic JDK Tools",
    "target": "Javac",
    "value": 1,
    "relation": "exampleOf",
    "id": "Basic JDK ToolsJavac"
  },
  {
    "source": "Basic JDK Tools",
    "target": "Appletviewer",
    "value": 1,
    "relation": "exampleOf",
    "id": "Basic JDK ToolsAppletviewer"
  },
  {
    "source": "Basic JDK Tools",
    "target": "Javap",
    "value": 1,
    "relation": "exampleOf",
    "id": "Basic JDK ToolsJavap"
  },
  {
    "source": "Basic JDK Tools",
    "target": "Javah",
    "value": 1,
    "relation": "exampleOf",
    "id": "Basic JDK ToolsJavah"
  },
  {
    "source": "Basic JDK Tools",
    "target": "Jdb",
    "value": 1,
    "relation": "exampleOf",
    "id": "Basic JDK ToolsJdb"
  },
  {
    "source": "Basic JDK Tools",
    "target": "Javaws",
    "value": 1,
    "relation": "exampleOf",
    "id": "Basic JDK ToolsJavaws"
  },
  {
    "source": "Behavior Diagram",
    "target": "Interaction Diagram",
    "value": 1,
    "relation": "subconcept of",
    "id": "Behavior DiagramInteraction Diagram"
  },
  {
    "source": "Behavior Diagram",
    "target": "Activity Diagram",
    "value": 1,
    "relation": "subconcept of",
    "id": "Behavior DiagramActivity Diagram"
  },
  {
    "source": "Behavior Diagram",
    "target": "Use Case Diagram",
    "value": 1,
    "relation": "subconcept of",
    "id": "Behavior DiagramUse Case Diagram"
  },
  {
    "source": "Behavior Diagram",
    "target": "Statemachine Diagram",
    "value": 1,
    "relation": "subconcept of",
    "id": "Behavior DiagramStatemachine Diagram"
  },
  {
    "source": "Best Practices",
    "target": "Test Driven Development",
    "value": 1,
    "relation": "subconcept of",
    "id": "Best PracticesTest Driven Development"
  },
  {
    "source": "Best Practices",
    "target": "Coding Conventions",
    "value": 1,
    "relation": "subconcept of",
    "id": "Best PracticesCoding Conventions"
  },
  {
    "source": "Best Practices",
    "target": "Documentation",
    "value": 1,
    "relation": "subconcept of",
    "id": "Best PracticesDocumentation"
  },
  {
    "source": "Binary Search",
    "target": "Self Balancing Binary Search Tree",
    "value": 1,
    "relation": "subconcept of",
    "id": "Binary SearchSelf Balancing Binary Search Tree"
  },
  {
    "source": "Binary Search",
    "target": "Binary Search Tree",
    "value": 1,
    "relation": "subconcept of",
    "id": "Binary SearchBinary Search Tree"
  },
  {
    "source": "Binary Search",
    "target": "B-Tree",
    "value": 1,
    "relation": "subconcept of",
    "id": "Binary SearchB-Tree"
  },
  {
    "source": "Binary Search",
    "target": "B+ Tree",
    "value": 1,
    "relation": "subconcept of",
    "id": "Binary SearchB+ Tree"
  },
  {
    "source": "Binding Compiler",
    "target": "Xjc",
    "value": 1,
    "relation": "related",
    "id": "Binding CompilerXjc"
  },
  {
    "source": "Build and Deployment",
    "target": "Build Tools",
    "value": 1,
    "relation": "subconcept of",
    "id": "Build and DeploymentBuild Tools"
  },
  {
    "source": "Build and Deployment",
    "target": "Maven",
    "value": 1,
    "relation": "subconcept of",
    "id": "Build and DeploymentMaven"
  },
  {
    "source": "Build and Deployment",
    "target": "Continuous Integration",
    "value": 1,
    "relation": "subconcept of",
    "id": "Build and DeploymentContinuous Integration"
  },
  {
    "source": "Build and Deployment",
    "target": "Continuous Integration",
    "value": 1,
    "relation": "subconcept of",
    "id": "Build and DeploymentContinuous Integration"
  },
  {
    "source": "Build and Deployment",
    "target": "Ant",
    "value": 1,
    "relation": "subconcept of",
    "id": "Build and DeploymentAnt"
  },
  {
    "source": "Build and Deployment",
    "target": "Nightly Builds",
    "value": 1,
    "relation": "subconcept of",
    "id": "Build and DeploymentNightly Builds"
  },
  {
    "source": "Build and Deployment",
    "target": "Nightly Builds",
    "value": 1,
    "relation": "subconcept of",
    "id": "Build and DeploymentNightly Builds"
  },
  {
    "source": "Build Phases",
    "target": "Document",
    "value": 1,
    "relation": "exampleOf",
    "id": "Build PhasesDocument"
  },
  {
    "source": "Build Phases",
    "target": "Compile",
    "value": 1,
    "relation": "exampleOf",
    "id": "Build PhasesCompile"
  },
  {
    "source": "Bytecode",
    "target": "Compiler",
    "value": 1,
    "relation": "related",
    "id": "BytecodeCompiler"
  },
  {
    "source": "Bytecode",
    "target": "JVM",
    "value": 1,
    "relation": "related",
    "id": "BytecodeJVM"
  },
  {
    "source": "Bytecode",
    "target": "JVM Languages",
    "value": 1,
    "relation": "related",
    "id": "BytecodeJVM Languages"
  },
  {
    "source": "Bytecode",
    "target": "Disassembler",
    "value": 1,
    "relation": "related",
    "id": "BytecodeDisassembler"
  },
  {
    "source": "C Header Generator",
    "target": "Javah",
    "value": 1,
    "relation": "related",
    "id": "C Header GeneratorJavah"
  },
  {
    "source": "Class",
    "target": "Constructor",
    "value": 1,
    "relation": "subconcept of",
    "id": "ClassConstructor"
  },
  {
    "source": "Class",
    "target": "Anonymous Inner Class",
    "value": 1,
    "relation": "subconcept of",
    "id": "ClassAnonymous Inner Class"
  },
  {
    "source": "Class",
    "target": "Abstract Class",
    "value": 1,
    "relation": "subconcept of",
    "id": "ClassAbstract Class"
  },
  {
    "source": "Class",
    "target": "Methods",
    "value": 1,
    "relation": "subconcept of",
    "id": "ClassMethods"
  },
  {
    "source": "Class",
    "target": "Inner Class",
    "value": 1,
    "relation": "subconcept of",
    "id": "ClassInner Class"
  },
  {
    "source": "Class",
    "target": "Fields",
    "value": 1,
    "relation": "subconcept of",
    "id": "ClassFields"
  },
  {
    "source": "Class",
    "target": "Enum",
    "value": 1,
    "relation": "subconcept of",
    "id": "ClassEnum"
  },
  {
    "source": "Class File",
    "target": "Disassembler",
    "value": 1,
    "relation": "related",
    "id": "Class FileDisassembler"
  },
  {
    "source": "Class File",
    "target": "Compiler",
    "value": 1,
    "relation": "related",
    "id": "Class FileCompiler"
  },
  {
    "source": "Classpath",
    "target": "JVM",
    "value": 1,
    "relation": "related",
    "id": "ClasspathJVM"
  },
  {
    "source": "Cloud Computing",
    "target": "IaaS",
    "value": 1,
    "relation": "subconcept of",
    "id": "Cloud ComputingIaaS"
  },
  {
    "source": "Cloud Computing",
    "target": "Quota",
    "value": 1,
    "relation": "subconcept of",
    "id": "Cloud ComputingQuota"
  },
  {
    "source": "Cloud Computing",
    "target": "Pay Per Use",
    "value": 1,
    "relation": "subconcept of",
    "id": "Cloud ComputingPay Per Use"
  },
  {
    "source": "Cloud Computing",
    "target": "PaaS",
    "value": 1,
    "relation": "subconcept of",
    "id": "Cloud ComputingPaaS"
  },
  {
    "source": "Cloud Computing",
    "target": "SaaS",
    "value": 1,
    "relation": "subconcept of",
    "id": "Cloud ComputingSaaS"
  },
  {
    "source": "Code Comments",
    "target": "Javadoc",
    "value": 1,
    "relation": "related",
    "id": "Code CommentsJavadoc"
  },
  {
    "source": "Comments",
    "target": "Javadoc",
    "value": 1,
    "relation": "related",
    "id": "CommentsJavadoc"
  },
  {
    "source": "Compiler",
    "target": "Javac",
    "value": 1,
    "relation": "related",
    "id": "CompilerJavac"
  },
  {
    "source": "Concurrency",
    "target": "Race Condition",
    "value": 1,
    "relation": "subconcept of",
    "id": "ConcurrencyRace Condition"
  },
  {
    "source": "Concurrency",
    "target": "Contention",
    "value": 1,
    "relation": "subconcept of",
    "id": "ConcurrencyContention"
  },
  {
    "source": "Connection Pool",
    "target": "DBCP",
    "value": 1,
    "relation": "exampleOf",
    "id": "Connection PoolDBCP"
  },
  {
    "source": "Connection Pool",
    "target": "C3PO",
    "value": 1,
    "relation": "exampleOf",
    "id": "Connection PoolC3PO"
  },
  {
    "source": "Container",
    "target": "Web Container",
    "value": 1,
    "relation": "subconcept of",
    "id": "ContainerWeb Container"
  },
  {
    "source": "Container",
    "target": "J2EE Server",
    "value": 1,
    "relation": "subconcept of",
    "id": "ContainerJ2EE Server"
  },
  {
    "source": "Container",
    "target": "Web Server",
    "value": 1,
    "relation": "subconcept of",
    "id": "ContainerWeb Server"
  },
  {
    "source": "Container",
    "target": "EJB Container",
    "value": 1,
    "relation": "subconcept of",
    "id": "ContainerEJB Container"
  },
  {
    "source": "Container",
    "target": "Servlet Container",
    "value": 1,
    "relation": "subconcept of",
    "id": "ContainerServlet Container"
  },
  {
    "source": "Contention",
    "target": "Starvation",
    "value": 1,
    "relation": "subconcept of",
    "id": "ContentionStarvation"
  },
  {
    "source": "Contention",
    "target": "Memory Consistency Errors",
    "value": 1,
    "relation": "subconcept of",
    "id": "ContentionMemory Consistency Errors"
  },
  {
    "source": "CORBA",
    "target": "orbd",
    "value": 1,
    "relation": "related",
    "id": "CORBAorbd"
  },
  {
    "source": "CORBA",
    "target": "servertool",
    "value": 1,
    "relation": "related",
    "id": "CORBAservertool"
  },
  {
    "source": "CORBA",
    "target": "Idlj",
    "value": 1,
    "relation": "related",
    "id": "CORBAIdlj"
  },
  {
    "source": "Daemon",
    "target": "RMI Daemon",
    "value": 1,
    "relation": "subconcept of",
    "id": "DaemonRMI Daemon"
  },
  {
    "source": "Data Access",
    "target": "Database",
    "value": 1,
    "relation": "subconcept of",
    "id": "Data AccessDatabase"
  },
  {
    "source": "Data Access",
    "target": "ORM",
    "value": 1,
    "relation": "related",
    "id": "Data AccessORM"
  },
  {
    "source": "Data Access",
    "target": "JDBC",
    "value": 1,
    "relation": "subconcept of",
    "id": "Data AccessJDBC"
  },
  {
    "source": "Data Access",
    "target": "SQL",
    "value": 1,
    "relation": "subconcept of",
    "id": "Data AccessSQL"
  },
  {
    "source": "Data Structures",
    "target": "Ordered Collection",
    "value": 1,
    "relation": "subconcept of",
    "id": "Data StructuresOrdered Collection"
  },
  {
    "source": "Data Structures",
    "target": "Unordered Collection",
    "value": 1,
    "relation": "subconcept of",
    "id": "Data StructuresUnordered Collection"
  },
  {
    "source": "Data Structures",
    "target": "Libraries",
    "value": 1,
    "relation": "subconcept of",
    "id": "Data StructuresLibraries"
  },
  {
    "source": "Data Structures",
    "target": "Multidimensional Collection",
    "value": 1,
    "relation": "subconcept of",
    "id": "Data StructuresMultidimensional Collection"
  },
  {
    "source": "Data Structures",
    "target": "Graph",
    "value": 1,
    "relation": "subconcept of",
    "id": "Data StructuresGraph"
  },
  {
    "source": "Database",
    "target": "Database Connection",
    "value": 1,
    "relation": "subconcept of",
    "id": "DatabaseDatabase Connection"
  },
  {
    "source": "Database Connection",
    "target": "Connection Pool",
    "value": 1,
    "relation": "subconcept of",
    "id": "Database ConnectionConnection Pool"
  },
  {
    "source": "Debugger",
    "target": "Jdb",
    "value": 1,
    "relation": "related",
    "id": "DebuggerJdb"
  },
  {
    "source": "Dependency Injection",
    "target": "Spring Framework",
    "value": 1,
    "relation": "related",
    "id": "Dependency InjectionSpring Framework"
  },
  {
    "source": "Dependency Management",
    "target": "Maven",
    "value": 1,
    "relation": "related",
    "id": "Dependency ManagementMaven"
  },
  {
    "source": "Dependency Metrics",
    "target": "Efferent Coupling",
    "value": 1,
    "relation": "subconcept of",
    "id": "Dependency MetricsEfferent Coupling"
  },
  {
    "source": "Dependency Metrics",
    "target": "Instability",
    "value": 1,
    "relation": "subconcept of",
    "id": "Dependency MetricsInstability"
  },
  {
    "source": "Dependency Metrics",
    "target": "Afferent Coupling",
    "value": 1,
    "relation": "subconcept of",
    "id": "Dependency MetricsAfferent Coupling"
  },
  {
    "source": "Deployment Descriptor",
    "target": "Ear",
    "value": 1,
    "relation": "related",
    "id": "Deployment DescriptorEar"
  },
  {
    "source": "Deployment Descriptor",
    "target": "Sar",
    "value": 1,
    "relation": "related",
    "id": "Deployment DescriptorSar"
  },
  {
    "source": "Deployment Descriptor",
    "target": "War",
    "value": 1,
    "relation": "related",
    "id": "Deployment DescriptorWar"
  },
  {
    "source": "Deprecation",
    "target": "Parameters",
    "value": 1,
    "relation": "related",
    "id": "DeprecationParameters"
  },
  {
    "source": "Deprecation",
    "target": "Modifier",
    "value": 1,
    "relation": "related",
    "id": "DeprecationModifier"
  },
  {
    "source": "Deserialization",
    "target": "SerialVersionUID",
    "value": 1,
    "relation": "related",
    "id": "DeserializationSerialVersionUID"
  },
  {
    "source": "Design Guidelines",
    "target": "Simplicity",
    "value": 1,
    "relation": "subconcept of",
    "id": "Design GuidelinesSimplicity"
  },
  {
    "source": "Design Guidelines",
    "target": "Normalization",
    "value": 1,
    "relation": "subconcept of",
    "id": "Design GuidelinesNormalization"
  },
  {
    "source": "Design Guidelines",
    "target": "Design By Contract",
    "value": 1,
    "relation": "subconcept of",
    "id": "Design GuidelinesDesign By Contract"
  },
  {
    "source": "Design Guidelines",
    "target": "Loose Coupling",
    "value": 1,
    "relation": "subconcept of",
    "id": "Design GuidelinesLoose Coupling"
  },
  {
    "source": "Design Guidelines",
    "target": "Refactoring",
    "value": 1,
    "relation": "subconcept of",
    "id": "Design GuidelinesRefactoring"
  },
  {
    "source": "Design Guidelines",
    "target": "Cohesion",
    "value": 1,
    "relation": "subconcept of",
    "id": "Design GuidelinesCohesion"
  },
  {
    "source": "Design Pattern",
    "target": "Dependency Injection",
    "value": 1,
    "relation": "exampleOf",
    "id": "Design PatternDependency Injection"
  },
  {
    "source": "Design Pattern",
    "target": "Abstract Factory",
    "value": 1,
    "relation": "exampleOf",
    "id": "Design PatternAbstract Factory"
  },
  {
    "source": "Design Pattern",
    "target": "Factory Method",
    "value": 1,
    "relation": "exampleOf",
    "id": "Design PatternFactory Method"
  },
  {
    "source": "Design Pattern",
    "target": "Singleton",
    "value": 1,
    "relation": "exampleOf",
    "id": "Design PatternSingleton"
  },
  {
    "source": "Design Pattern",
    "target": "Proxy",
    "value": 1,
    "relation": "exampleOf",
    "id": "Design PatternProxy"
  },
  {
    "source": "Design Pattern",
    "target": "Decorator",
    "value": 1,
    "relation": "exampleOf",
    "id": "Design PatternDecorator"
  },
  {
    "source": "Design Pattern",
    "target": "Builder",
    "value": 1,
    "relation": "exampleOf",
    "id": "Design PatternBuilder"
  },
  {
    "source": "Design Principles",
    "target": "Package Coupling Principle",
    "value": 1,
    "relation": "subconcept of",
    "id": "Design PrinciplesPackage Coupling Principle"
  },
  {
    "source": "Design Principles",
    "target": "Package Cohesion Principle",
    "value": 1,
    "relation": "subconcept of",
    "id": "Design PrinciplesPackage Cohesion Principle"
  },
  {
    "source": "Design Principles",
    "target": "SOLID Principle",
    "value": 1,
    "relation": "subconcept of",
    "id": "Design PrinciplesSOLID Principle"
  },
  {
    "source": "Disassembler",
    "target": "Javap",
    "value": 1,
    "relation": "related",
    "id": "DisassemblerJavap"
  },
  {
    "source": "Documentation",
    "target": "Javadoc",
    "value": 1,
    "relation": "related",
    "id": "DocumentationJavadoc"
  }
]
}
