[{"year":"2008","over":24141,"under":25397},
  {"year":"2009","over":21503,"under":24216},
  {"year":"2010","over":21851,"under":24633},
  {"year":"2011","over":15668,"under":28994},
  {"year":"2012","over":15979,"under":29526},
  {"year":"2013","over":15615,"under":27899},
  {"year":"2014","over":14954,"under":28842},
  {"year":"2016","over":3564,"under":6047},
  {"year":"2015","over":12652,"under":24629},
  {"year":"2003","over":20655,"under":37023},
  {"year":"2007","over":22119,"under":25238},
  {"year":"2006","over":20725,"under":27182},
  {"year":"2002","over":27842,"under":47494},
  {"year":"2004","over":19292,"under":35872},
  {"year":"2001","over":32872,"under":61777},
  {"year":"2005","over":18849,"under":27921}]
