{
 "keyword":"java",
 "count":4,
 "disabled":"false",
 "label":"skills",
 "queries":[{"query": "i want java developer",
              "userinput":["Programming Language"]},
            {"query": "i want Programmer in java",
               "userinput":["skill","Programming Language"]},
            {"query":"i want java Developer With 1 year Of Experience",
               "userinput":["skill","Programming Language","OOPS"]},
            {"query":"i want Associate Level java Developer",
               "userinput":["skill","High Level Language"]}
            ]
}
