{"keywords":[
  {"keyword": "ece","query": "i want ece and angular js developer"},
  {"keyword": "ece","query": "i want ece who are in chennai"},
  {"keyword": "it","query": "i want who are all in it department"},
  {"keyword": "it","query": "i want it and angular js developer"},
  {"keyword": "it","query": "i want it who are in chennai"},
  {"keyword": "cse","query": "i want who are all in cse department"},
  {"keyword": "cse","query": "i want cse and angular js developer"},
  {"keyword": "cse","query": "i want cse who are in chennai"},
  {"keyword": "me","query": "i want who are all in me department"},
  {"keyword": "me","query": "i want me and angular js developer"},
  {"keyword": "me","query": "i want me who are in chennai"},
  {"keyword": "mca","query": "i want who are all in mca department"},
  {"keyword": "mca","query": "i want mca and angular js developer"},
  {"keyword": "mca","query": "i want mca who are in chennai"}
]
}
