{
  "profiles": [
    {
      "id": 1,
      "Name": "Shaili",
      "Age": "22",
      "Address": "Plot no:1375/1,Sector-2-B,Gandhinagar",
      "WorkExperience": "2",
      "ToolsAndTechnology": "Java,DotNet,AngularJS",
      "University": "Nirma University",
      "OnSiteProjects": "2",
      "OffSiteProjects": "3",
      "LanguagesKnown": "English,Tamil,Urdu",
      "CurrentLocation": "Chennai",
      "Country": "India"
    },
    {
      "id": 2,
      "Name": "Padma",
      "Age": "23",
      "Address": "191/16,Gvg.Nagar,Tripur",
      "WorkExperience": "3",
      "ToolsAndTechnology": "HTML,DotNet,AngularJS",
      "University": "Prist University",
      "OnSiteProjects": "1",
      "OffSiteProjects": "5",
      "LanguagesKnown": "English,Tamil",
      "CurrentLocation": "Mumbai",
      "Country": "India"
    },
    {
      "id": 3,
      "Name": "Jerome",
      "Age": "28",
      "Address": "Plot no:1120/1,Sector-1-B,K.R.nagar",
      "WorkExperience": "7",
      "ToolsAndTechnology": "HTML,Java",
      "University": "SRM University",
      "OnSiteProjects": "5",
      "OffSiteProjects": "7",
      "LanguagesKnown": "English,Tamil,Urdu,Telugu",
      "CurrentLocation": "Hyderabad",
      "Country": "US"
    },
    {
      "id": 4,
      "Name": "Nandhini",
      "Age": "26",
      "Address": "10/688-A,David street,Chennai",
      "WorkExperience": "5",
      "ToolsAndTechnology": "c#,DotNet",
      "University": "Californian University",
      "OnSiteProjects": "1",
      "OffSiteProjects": "5",
      "LanguagesKnown": "English,Spanish",
      "CurrentLocation": "London",
      "Country": "England"
    },
    {
      "id": 5,
      "Name": "Ram",
      "Age": "23",
      "Address": "17/704,North-street,Erode",
      "WorkExperience": "2",
      "ToolsAndTechnology": "PHP,Python",
      "University": "sastra University",
      "OnSiteProjects": "1",
      "OffSiteProjects": "1",
      "LanguagesKnown": "English,Tamil,Japanese",
      "CurrentLocation": "Tokoyo",
      "Country": "Japan"
    },
    {
      "id": 6,
      "Name": "Priya",
      "Age": "23",
      "Address": "Plot no:132/4,Sector-5-C,Shubanagar",
      "WorkExperience": "2",
      "ToolsAndTechnology": "HTML,DotNet,Javascript",
      "University": "Anna University",
      "OnSiteProjects": "7",
      "OffSiteProjects": "2",
      "LanguagesKnown": "Tamil,Bengali,Malayalam",
      "CurrentLocation": "Cochin",
      "Country": "Canada"
    },
    {
      "id": 7,
      "Name": "Sanjay",
      "Age": "24",
      "Address": "15/99,North Car-street,Trichy",
      "WorkExperience": "2",
      "ToolsAndTechnology": "Perl,Python,PHP",
      "University": "Nirma University",
      "OnSiteProjects": "4",
      "OffSiteProjects": "4",
      "LanguagesKnown": "English,Hindi",
      "CurrentLocation": "Chennai",
      "Country": "Dubai"
    },
    {
      "id": 8,
      "Name": "Meera",
      "Age": "23",
      "Address": "15/55,West-street,Chennai",
      "WorkExperience": "2",
      "ToolsAndTechnology": "Hadoop,Big-data",
      "University": "Barathidhasan University",
      "OnSiteProjects": "7",
      "OffSiteProjects": "2",
      "LanguagesKnown": "English",
      "CurrentLocation": "Melbourne",
      "Country": "Australia"
    },
    {
      "id": 9,
      "Name": "Shesha",
      "Age": "23",
      "Address": "Plot no:176/1,Sector-3-D,Madhuramnagar",
      "WorkExperience": "2",
      "ToolsAndTechnology": "c#,DotNet,AngularJS",
      "University": "perdue University",
      "OnSiteProjects": "1",
      "OffSiteProjects": "2",
      "LanguagesKnown": "Tamil",
      "CurrentLocation": "Chennai",
      "Country": "India"
    },
    {
      "id": 10,
      "Name": "Shabbi",
      "Age": "32",
      "Address": "45/74,Gvg-street,Tirunelveli",
      "WorkExperience": "12",
      "ToolsAndTechnology": "AngularJS,Javascript",
      "University": "A.S. University",
      "OnSiteProjects": "5",
      "OffSiteProjects": "7",
      "LanguagesKnown": "English,Hindi",
      "CurrentLocation": "Punjab",
      "Country": "India"
    },
    {
      "id": 11,
      "Name": "keerthana",
      "Age": "29",
      "Address": "88/3,Vijaya-street,karur",
      "WorkExperience": "7",
      "ToolsAndTechnology": "HTML,Perl,PHP",
      "University": "Prist University",
      "OnSiteProjects": "1",
      "OffSiteProjects": "2",
      "LanguagesKnown": "English,French",
      "CurrentLocation": "Los Angeles",
      "Country": "US"
    },
    {
      "id": 12,
      "Name": "Simran",
      "Age": "26",
      "Address": "19/64,Rajaji-Road,Theni",
      "WorkExperience": "4",
      "ToolsAndTechnology": "DotNet,Java",
      "University": "SRM University",
      "OnSiteProjects": "4",
      "OffSiteProjects": "3",
      "LanguagesKnown": "Korean,Latin",
      "CurrentLocation": "Las Vegas",
      "Country": "US"
    },
    {
      "id": 13,
      "Name": "Siva",
      "Age": "38",
      "Address": "23/4,OMR Road,Chennai",
      "WorkExperience": "15",
      "ToolsAndTechnology": "Java,Python,PHP",
      "University": "sastra University",
      "OnSiteProjects": "1",
      "OffSiteProjects": "8",
      "LanguagesKnown": "English,Tamil,Urdu,Kanada,Hindi",
      "CurrentLocation": "Vizag",
      "Country": "India"
    },
    {
      "id": 14,
      "Name": "John",
      "Age": "29",
      "Address": "10/667,South Car-street,Vellore",
      "WorkExperience": "7",
      "ToolsAndTechnology": "Hadoop,Big-data",
      "University": "Anna University",
      "OnSiteProjects": "2",
      "OffSiteProjects": "2",
      "LanguagesKnown": "English",
      "CurrentLocation": "Jaipur",
      "Country": "India"
    },
    {
      "id": 15,
      "Name": "Aanand",
      "Age": "13",
      "Address": "12/34,East-street,Madhurai",
      "WorkExperience": "7",
      "ToolsAndTechnology": "HTML,DotNet,Javascript",
      "University": "Californian University",
      "OnSiteProjects": "1",
      "OffSiteProjects": "7",
      "LanguagesKnown": "English,Hindi",
      "CurrentLocation": "Mumbai",
      "Country": "India"
    },
    {
      "Name": "Santo",
      "Age": 21,
      "Address": "Plot no:1375/1,Sector-2-B,Mumbai",
      "WorkExperience": 19,
      "ToolsAndTechnology": "Java,DotNet,AngularJS,Python",
      "University": "Stack University",
      "id": 16,
      "OnSiteProjects": "6",
      "OffSiteProjects": "9",
      "LanguagesKnown": "English,Tamil,Urdu,hindi,Konkani",
      "CurrentLocation": "Bangalore",
      "Country": "Singapore"
    }
  ],
  "number": [
    {
      "relation": "is equal to"
    },
    {
      "relation": "is greater than"
    },
    {
      "relation": "is lesser than"
    },
    {
      "relation": "contains"
    },
    {
      "relation": "is"
    }
  ],
  "text": [
    {
      "relation": "contains"
    },
    {
      "relation": "matches"
    }
  ],
  "filters": [
    {
      "criteria": "age"
    },
    {
      "criteria": "work experience"
    },
    {
      "criteria": "skills"
    },
    {
      "criteria": "address"
    },
    {
      "criteria": "university"
    },
    {
      "criteria": "on site projects"
    },
    {
      "criteria": "off site projects"
    },
    {
      "criteria": "languages known"
    },
    {
      "criteria": "current location"
    },
    {
      "criteria": "country"
    }
  ],

  "nodes": [
    {
      "id": "Agile Development",
      "group": 1,
      "property": ""
    },
    {
      "id": "Extreme Programming",
      "group": 1
    },
    {
      "id": "Algorithm Complexity",
      "group": 2
    },
    {
      "id": "Quadratic",
      "group": 2
    },
    {
      "id": "Constant",
      "group": 2
    },
    {
      "id": "Linear",
      "group": 2
    },
    {
      "id": "Lograthmic",
      "group": 2
    },
    {
      "id": "N log N",
      "group": 2
    },
    {
      "id": "Ant",
      "group": 3
    },
    {
      "id": "Build File",
      "group": 3
    },
    {
      "id": "Architecture Patterns",
      "group": 4
    },
    {
      "id": "Messaging",
      "group": 4
    },
    {
      "id": "pub sub",
      "group": 4
    },
    {
      "id": "Array",
      "group": 5
    },
    {
      "id": "SingleDimensionalArray",
      "group": 5
    },
    {
      "id": "MultiDimensionalArray",
      "group": 5
    },
    {
      "id": "a1",
      "group": 6
    },
    {
      "id": "b1",
      "group": 6
    }
  ],
  "links": [
    {
      "source": "Agile Development",
      "target": "Extreme Programming",
      "value": 10,
      "relation": "subconcept of",
      "id": "Agile DevelopmentExtreme Programming"
    },
    {
      "source": "Algorithm Complexity",
      "target": "Quadratic",
      "value": 10,
      "relation": "subconcept of",
      "id": "Algorithm ComplexityQuadratic"
    },
    {
      "source": "Algorithm Complexity",
      "target": "Constant",
      "value": 6,
      "relation": "subconcept of",
      "id": "Algorithm ComplexityConstant"
    },
    {
      "source": "Algorithm Complexity",
      "target": "Linear",
      "value": 1,
      "relation": "subconcept of",
      "id": "Algorithm ComplexityLinear"
    },
    {
      "source": "Algorithm Complexity",
      "target": "Lograthmic",
      "value": 1,
      "relation": "subconcept of",
      "id": "Algorithm ComplexityLograthmic"
    },
    {
      "source": "Algorithm Complexity",
      "target": "N log N",
      "value": 1,
      "relation": "subconcept of",
      "id": "Algorithm ComplexityN log N"
    },
    {
      "source": "Ant",
      "target": "Build File",
      "value": 2,
      "relation": "related",
      "id": "AntBuild File"
    },
    {
      "source": "Architecture Patterns",
      "target": "Messaging",
      "value": 1,
      "relation": "exampleOf",
      "id": "Architecture PatternsMessaging"
    },
    {
      "source": "Architecture Patterns",
      "target": "pub sub",
      "value": 3,
      "relation": "exampleOf",
      "id": "Architecture Patternspub sub"
    },
    {
      "source": "Array",
      "target": "MultiDimensionalArray",
      "value": 1,
      "relation": "subconcept of",
      "id": "ArrayMultiDimensionalArray"
    },
    {
      "source": "SingleDimensionalArray",
      "target": "Array",
      "value": 1,
      "relation": "subconcept of",
      "id": "ArraySingleDimensionalArray"
    },
    {
      "source": "a1",
      "target": "b1",
      "value": 1,
      "relation": "sub concept of",
      "id": "a1b1"
    }
  ]
}
